image,link,name,rating
https://img3.doubanio.com/view/photo/s_ratio_poster/public/p480747492.jpg,https://movie.douban.com/subject/1292052/,肖申克的救赎,9.7
https://img1.doubanio.com/view/photo/s_ratio_poster/public/p2911205318.jpg,https://movie.douban.com/subject/1291546/,霸王别姬,9.6
https://img9.doubanio.com/view/photo/s_ratio_poster/public/p457760035.jpg,https://movie.douban.com/subject/1292722/,泰坦尼克号,9.5
https://img3.doubanio.com/view/photo/s_ratio_poster/public/p2372307693.jpg,https://movie.douban.com/subject/1292720/,阿甘正传,9.5
https://img1.doubanio.com/view/photo/s_ratio_poster/public/p2557573348.jpg,https://movie.douban.com/subject/1291561/,千与千寻,9.4
https://img3.doubanio.com/view/photo/s_ratio_poster/public/p2578474613.jpg,https://movie.douban.com/subject/1292063/,美丽人生,9.5
https://img3.doubanio.com/view/photo/s_ratio_poster/public/p2614988097.jpg,https://movie.douban.com/subject/1889243/,星际穿越,9.4
https://img9.doubanio.com/view/photo/s_ratio_poster/public/p2913554676.jpg,https://movie.douban.com/subject/1295644/,这个杀手不太冷,9.4
https://img9.doubanio.com/view/photo/s_ratio_poster/public/p513344864.jpg,https://movie.douban.com/subject/3541415/,盗梦空间,9.4
https://img3.doubanio.com/view/photo/s_ratio_poster/public/p479682972.jpg,https://movie.douban.com/subject/1292064/,楚门的世界,9.4
https://img3.doubanio.com/view/photo/s_ratio_poster/public/p492406163.jpg,https://movie.douban.com/subject/1295124/,辛德勒的名单,9.5
https://img1.doubanio.com/view/photo/s_ratio_poster/public/p2587099240.jpg,https://movie.douban.com/subject/3011091/,忠犬八公的故事,9.4
https://img9.doubanio.com/view/photo/s_ratio_poster/public/p2914698334.jpg,https://movie.douban.com/subject/1292001/,海上钢琴师,9.3
https://img9.doubanio.com/view/photo/s_ratio_poster/public/p2923817996.jpg,https://movie.douban.com/subject/25662329/,疯狂动物城,9.2
https://img2.doubanio.com/view/photo/s_ratio_poster/public/p579729551.jpg,https://movie.douban.com/subject/3793023/,三傻大闹宝莱坞,9.2
https://img2.doubanio.com/view/photo/s_ratio_poster/public/p1461851991.jpg,https://movie.douban.com/subject/2131459/,机器人总动员,9.3
https://img1.doubanio.com/view/photo/s_ratio_poster/public/p2884280708.jpg,https://movie.douban.com/subject/1291549/,放牛班的春天,9.3
https://img3.doubanio.com/view/photo/s_ratio_poster/public/p2564556863.jpg,https://movie.douban.com/subject/1307914/,无间道,9.3
https://img9.doubanio.com/view/photo/s_ratio_poster/public/p1963057234.jpg,https://movie.douban.com/subject/1296141/,控方证人,9.6
https://img9.doubanio.com/view/photo/s_ratio_poster/public/p2455050536.jpg,https://movie.douban.com/subject/1292213/,大话西游之大圣娶亲,9.2
https://img9.doubanio.com/view/photo/s_ratio_poster/public/p1363250216.jpg,https://movie.douban.com/subject/5912992/,熔炉,9.3
https://img9.doubanio.com/view/photo/s_ratio_poster/public/p1454261925.jpg,https://movie.douban.com/subject/6786002/,触不可及,9.3
https://img2.doubanio.com/view/photo/s_ratio_poster/public/p2505426431.jpg,https://movie.douban.com/subject/20495023/,寻梦环游记,9.1
https://img9.doubanio.com/view/photo/s_ratio_poster/public/p616779645.jpg,https://movie.douban.com/subject/1291841/,教父,9.3
https://img1.doubanio.com/view/photo/s_ratio_poster/public/p1312700628.jpg,https://movie.douban.com/subject/1849031/,当幸福来敲门,9.1
https://img3.doubanio.com/view/photo/s_ratio_poster/public/p452089833.jpg,https://movie.douban.com/subject/1293172/,末代皇帝,9.3
https://img1.doubanio.com/view/photo/s_ratio_poster/public/p2913781448.jpg,https://movie.douban.com/subject/1295038/,哈利·波特与魔法石,9.2
https://img9.doubanio.com/view/photo/s_ratio_poster/public/p2540924496.jpg,https://movie.douban.com/subject/1291560/,龙猫,9.2
https://img3.doubanio.com/view/photo/s_ratio_poster/public/p2597919477.jpg,https://movie.douban.com/subject/1292365/,活着,9.3
https://img1.doubanio.com/view/photo/s_ratio_poster/public/p501177648.jpg,https://movie.douban.com/subject/3319755/,怦然心动,9.1
https://img3.doubanio.com/view/photo/s_ratio_poster/public/p462657443.jpg,https://movie.douban.com/subject/1851857/,蝙蝠侠：黑暗骑士,9.2
https://img3.doubanio.com/view/photo/s_ratio_poster/public/p2642829472.jpg,https://movie.douban.com/subject/1291552/,指环王3：王者无敌,9.3
https://img9.doubanio.com/view/photo/s_ratio_poster/public/p2561305376.jpg,https://movie.douban.com/subject/26752088/,我不是药神,9.0
https://img1.doubanio.com/view/photo/s_ratio_poster/public/p1963126880.jpg,https://movie.douban.com/subject/1300267/,乱世佳人,9.3
https://img1.doubanio.com/view/photo/s_ratio_poster/public/p2553594918.jpg,https://movie.douban.com/subject/2129039/,飞屋环游记,9.1
https://img3.doubanio.com/view/photo/s_ratio_poster/public/p1512562287.jpg,https://movie.douban.com/subject/3742360/,让子弹飞,9.0
https://img9.doubanio.com/view/photo/s_ratio_poster/public/p2907583906.jpg,https://movie.douban.com/subject/1308807/,哈尔的移动城堡,9.1
https://img3.doubanio.com/view/photo/s_ratio_poster/public/p2173577632.jpg,https://movie.douban.com/subject/1293182/,十二怒汉,9.4
https://img9.doubanio.com/view/photo/s_ratio_poster/public/p2118532944.jpg,https://movie.douban.com/subject/21937452/,素媛,9.3
https://img9.doubanio.com/view/photo/s_ratio_poster/public/p2554525534.jpg,https://movie.douban.com/subject/25958717/,海蒂和爷爷,9.3
https://img2.doubanio.com/view/photo/s_ratio_poster/public/p453924541.jpg,https://movie.douban.com/subject/1305487/,猫鼠游戏,9.1
https://img2.doubanio.com/view/photo/s_ratio_poster/public/p2892409201.jpg,https://movie.douban.com/subject/1291583/,天空之城,9.2
https://img1.doubanio.com/view/photo/s_ratio_poster/public/p2553104888.jpg,https://movie.douban.com/subject/1291858/,鬼子来了,9.3
https://img1.doubanio.com/view/photo/s_ratio_poster/public/p2401676338.jpg,https://movie.douban.com/subject/26387939/,摔跤吧！爸爸,9.0
https://img2.doubanio.com/view/photo/s_ratio_poster/public/p1784592701.jpg,https://movie.douban.com/subject/1929463/,少年派的奇幻漂流,9.1
https://img2.doubanio.com/view/photo/s_ratio_poster/public/p1381339291.jpg,https://movie.douban.com/subject/1296736/,钢琴家,9.3
https://img9.doubanio.com/view/photo/s_ratio_poster/public/p2640236255.jpg,https://movie.douban.com/subject/1291572/,指环王2：双塔奇兵,9.2
https://img1.doubanio.com/view/photo/s_ratio_poster/public/p2575465690.jpg,https://movie.douban.com/subject/1291548/,死亡诗社,9.2
https://img3.doubanio.com/view/photo/s_ratio_poster/public/p2561721372.jpg,https://movie.douban.com/subject/1299398/,大话西游之月光宝盒,9.0
https://img1.doubanio.com/view/photo/s_ratio_poster/public/p2555295759.jpg,https://movie.douban.com/subject/30170448/,何以为家,9.1
https://img1.doubanio.com/view/photo/s_ratio_poster/public/p2550757929.jpg,https://movie.douban.com/subject/1298624/,闻香识女人,9.1
https://img2.doubanio.com/view/photo/s_ratio_poster/public/p2531065411.jpg,https://movie.douban.com/subject/27060077/,绿皮书,8.9
https://img3.doubanio.com/view/photo/s_ratio_poster/public/p2184505167.jpg,https://movie.douban.com/subject/1418019/,大闹天宫,9.4
https://img1.doubanio.com/view/photo/s_ratio_poster/public/p451926968.jpg,https://movie.douban.com/subject/1291843/,黑客帝国,9.1
https://img9.doubanio.com/view/photo/s_ratio_poster/public/p2197698335.jpg,https://movie.douban.com/subject/1291571/,指环王1：护戒使者,9.1
https://img9.doubanio.com/view/photo/s_ratio_poster/public/p2189265085.jpg,https://movie.douban.com/subject/1293839/,罗马假日,9.1
https://img3.doubanio.com/view/photo/s_ratio_poster/public/p2194138787.jpg,https://movie.douban.com/subject/1299131/,教父2,9.3
https://img3.doubanio.com/view/photo/s_ratio_poster/public/p726659067.jpg,https://movie.douban.com/subject/1301753/,狮子王,9.1
https://img1.doubanio.com/view/photo/s_ratio_poster/public/p2653054340.jpg,https://movie.douban.com/subject/1291828/,天堂电影院,9.2
https://img2.doubanio.com/view/photo/s_ratio_poster/public/p1910899751.jpg,https://movie.douban.com/subject/1291818/,饮食男女,9.2
https://img9.doubanio.com/view/photo/s_ratio_poster/public/p2158166535.jpg,https://movie.douban.com/subject/21937445/,辩护人,9.2
https://img3.doubanio.com/view/photo/s_ratio_poster/public/p2192535722.jpg,https://movie.douban.com/subject/1485260/,本杰明·巴顿奇事,9.0
https://img3.doubanio.com/view/photo/s_ratio_poster/public/p1910931622.jpg,https://movie.douban.com/subject/1292000/,搏击俱乐部,9.0
https://img1.doubanio.com/view/photo/s_ratio_poster/public/p1665997400.jpg,https://movie.douban.com/subject/1306029/,美丽心灵,9.1
https://img3.doubanio.com/view/photo/s_ratio_poster/public/p1473670352.jpg,https://movie.douban.com/subject/3008247/,穿条纹睡衣的男孩,9.2
https://img1.doubanio.com/view/photo/s_ratio_poster/public/p2648230660.jpg,https://movie.douban.com/subject/1292220/,情书,8.9
https://img1.doubanio.com/view/photo/s_ratio_poster/public/p2913457020.jpg,https://movie.douban.com/subject/3011235/,哈利·波特与死亡圣器(下),9.0
https://img1.doubanio.com/view/photo/s_ratio_poster/public/p792443418.jpg,https://movie.douban.com/subject/1293350/,两杆大烟枪,9.1
https://img1.doubanio.com/view/photo/s_ratio_poster/public/p1808872109.jpg,https://movie.douban.com/subject/1900841/,窃听风暴,9.2
https://img3.doubanio.com/view/photo/s_ratio_poster/public/p453788577.jpg,https://movie.douban.com/subject/1294408/,音乐之声,9.1
https://img1.doubanio.com/view/photo/s_ratio_poster/public/p2219011938.jpg,https://movie.douban.com/subject/1291543/,功夫,8.9
https://img1.doubanio.com/view/photo/s_ratio_poster/public/p2441988159.jpg,https://movie.douban.com/subject/1292402/,西西里的美丽传说,8.9
https://img1.doubanio.com/view/photo/s_ratio_poster/public/p2913456870.jpg,https://movie.douban.com/subject/1291544/,哈利·波特与阿兹卡班的囚徒,9.0
https://img1.doubanio.com/view/photo/s_ratio_poster/public/p2180085848.jpg,https://movie.douban.com/subject/1652587/,阿凡达,8.8
https://img9.doubanio.com/view/photo/s_ratio_poster/public/p2498971355.jpg,https://movie.douban.com/subject/26580232/,看不见的客人,8.8
https://img9.doubanio.com/view/photo/s_ratio_poster/public/p1014542496.jpg,https://movie.douban.com/subject/1292849/,拯救大兵瑞恩,9.1
https://img3.doubanio.com/view/photo/s_ratio_poster/public/p1593414327.jpg,https://movie.douban.com/subject/1293544/,沉默的羔羊,8.9
https://img9.doubanio.com/view/photo/s_ratio_poster/public/p2165511465.jpg,https://movie.douban.com/subject/1303021/,小鞋子,9.2
https://img3.doubanio.com/view/photo/s_ratio_poster/public/p792238287.jpg,https://movie.douban.com/subject/1292224/,飞越疯人院,9.1
https://img3.doubanio.com/view/photo/s_ratio_poster/public/p2183539003.jpg,https://movie.douban.com/subject/11525673/,布达佩斯大饭店,8.9
https://img1.doubanio.com/view/photo/s_ratio_poster/public/p2209066019.jpg,https://movie.douban.com/subject/1292343/,蝴蝶效应,8.9
https://img1.doubanio.com/view/photo/s_ratio_poster/public/p450262388.jpg,https://movie.douban.com/subject/2334904/,禁闭岛,8.9
https://img9.doubanio.com/view/photo/s_ratio_poster/public/p480965695.jpg,https://movie.douban.com/subject/1292656/,心灵捕手,9.0
https://img9.doubanio.com/view/photo/s_ratio_poster/public/p480383375.jpg,https://movie.douban.com/subject/1780330/,致命魔术,8.9
https://img3.doubanio.com/view/photo/s_ratio_poster/public/p1910902213.jpg,https://movie.douban.com/subject/1291832/,低俗小说,8.9
https://img2.doubanio.com/view/photo/s_ratio_poster/public/p1305562621.jpg,https://movie.douban.com/subject/5322596/,超脱,9.0
https://img2.doubanio.com/view/photo/s_ratio_poster/public/p2913781951.jpg,https://movie.douban.com/subject/1296996/,哈利·波特与密室,8.9
https://img9.doubanio.com/view/photo/s_ratio_poster/public/p2918279456.jpg,https://movie.douban.com/subject/36445098/,还有明天,9.3
https://img9.doubanio.com/view/photo/s_ratio_poster/public/p2043009686.jpg,https://movie.douban.com/subject/1302425/,喜剧之王,8.8
https://img1.doubanio.com/view/photo/s_ratio_poster/public/p2263408369.jpg,https://movie.douban.com/subject/1294371/,摩登时代,9.3
https://img1.doubanio.com/view/photo/s_ratio_poster/public/p2924629258.jpg,https://movie.douban.com/subject/1292434/,一一,9.1
https://img1.doubanio.com/view/photo/s_ratio_poster/public/p1633113220.jpg,https://movie.douban.com/subject/1300299/,杀人回忆,8.9
https://img9.doubanio.com/view/photo/s_ratio_poster/public/p2558364386.jpg,https://movie.douban.com/subject/1297192/,致命ID,8.9
https://img2.doubanio.com/view/photo/s_ratio_poster/public/p465939041.jpg,https://movie.douban.com/subject/1292679/,春光乍泄,9.0
https://img1.doubanio.com/view/photo/s_ratio_poster/public/p2559579779.jpg,https://movie.douban.com/subject/3442220/,海豚湾,9.3
https://img9.doubanio.com/view/photo/s_ratio_poster/public/p1596085504.jpg,https://movie.douban.com/subject/1298070/,加勒比海盗,8.8
https://img3.doubanio.com/view/photo/s_ratio_poster/public/p477229647.jpg,https://movie.douban.com/subject/1292262/,美国往事,9.1
https://img1.doubanio.com/view/photo/s_ratio_poster/public/p2794776839.jpg,https://movie.douban.com/subject/1865703/,红辣椒,9.0
https://img9.doubanio.com/view/photo/s_ratio_poster/public/p2219586434.jpg,https://movie.douban.com/subject/1292223/,七宗罪,8.8
https://img9.doubanio.com/view/photo/s_ratio_poster/public/p2357915564.jpg,https://movie.douban.com/subject/1306249/,唐伯虎点秋香,8.8
https://img3.doubanio.com/view/photo/s_ratio_poster/public/p1546987967.jpg,https://movie.douban.com/subject/6985810/,狩猎,9.1
https://img3.doubanio.com/view/photo/s_ratio_poster/public/p2920895053.jpg,https://movie.douban.com/subject/1297359/,幽灵公主,8.9
https://img9.doubanio.com/view/photo/s_ratio_poster/public/p2223011274.jpg,https://movie.douban.com/subject/1305164/,甜蜜蜜,8.9
https://img9.doubanio.com/view/photo/s_ratio_poster/public/p1706428744.jpg,https://movie.douban.com/subject/3395373/,蝙蝠侠：黑暗骑士崛起,8.9
https://img1.doubanio.com/view/photo/s_ratio_poster/public/p2561439800.jpg,https://movie.douban.com/subject/27010768/,寄生虫,8.8
https://img9.doubanio.com/view/photo/s_ratio_poster/public/p2700138245.jpg,https://movie.douban.com/subject/1428581/,天书奇谭,9.2
https://img9.doubanio.com/view/photo/s_ratio_poster/public/p1816276065.jpg,https://movie.douban.com/subject/10777687/,7号房的礼物,8.9
https://img1.doubanio.com/view/photo/s_ratio_poster/public/p2224568669.jpg,https://movie.douban.com/subject/11026735/,超能陆战队,8.8
https://img9.doubanio.com/view/photo/s_ratio_poster/public/p2555762374.jpg,https://movie.douban.com/subject/1296339/,爱在黎明破晓前,8.8
https://img9.doubanio.com/view/photo/s_ratio_poster/public/p2220184425.jpg,https://movie.douban.com/subject/1297630/,第六感,8.9
https://img9.doubanio.com/view/photo/s_ratio_poster/public/p2191788134.jpg,https://movie.douban.com/subject/1291990/,爱在日落黄昏时,8.9
https://img9.doubanio.com/view/photo/s_ratio_poster/public/p884763596.jpg,https://movie.douban.com/subject/1787291/,被嫌弃的松子的一生,8.8
https://img2.doubanio.com/view/photo/s_ratio_poster/public/p792381411.jpg,https://movie.douban.com/subject/1291999/,重庆森林,8.8
https://img9.doubanio.com/view/photo/s_ratio_poster/public/p2528965424.jpg,https://movie.douban.com/subject/1461403/,茶馆,9.6
https://img3.doubanio.com/view/photo/s_ratio_poster/public/p1351050722.jpg,https://movie.douban.com/subject/1395091/,未麻的部屋,9.1
https://img9.doubanio.com/view/photo/s_ratio_poster/public/p2913456904.jpg,https://movie.douban.com/subject/1309055/,哈利·波特与火焰杯,8.8
https://img9.doubanio.com/view/photo/s_ratio_poster/public/p2707581855.jpg,https://movie.douban.com/subject/2149806/,入殓师,8.9
https://img9.doubanio.com/view/photo/s_ratio_poster/public/p617533616.jpg,https://movie.douban.com/subject/4202302/,借东西的小人阿莉埃蒂,8.9
https://img1.doubanio.com/view/photo/s_ratio_poster/public/p2874927470.jpg,https://movie.douban.com/subject/10533913/,头脑特工队,8.8
https://img9.doubanio.com/view/photo/s_ratio_poster/public/p2620392435.jpg,https://movie.douban.com/subject/1293359/,菊次郎的夏天,8.9
https://img3.doubanio.com/view/photo/s_ratio_poster/public/p480956937.jpg,https://movie.douban.com/subject/1292370/,剪刀手爱德华,8.7
https://img3.doubanio.com/view/photo/s_ratio_poster/public/p2169104127.jpg,https://movie.douban.com/subject/1418834/,断背山,8.8
https://img1.doubanio.com/view/photo/s_ratio_poster/public/p2004174709.jpg,https://movie.douban.com/subject/1294639/,勇敢的心,8.9
https://img9.doubanio.com/view/photo/s_ratio_poster/public/p2070153774.jpg,https://movie.douban.com/subject/10577869/,时空恋旅人,8.8
https://img9.doubanio.com/view/photo/s_ratio_poster/public/p2221768894.jpg,https://movie.douban.com/subject/21318488/,消失的爱人,8.7
https://img3.doubanio.com/view/photo/s_ratio_poster/public/p661160053.jpg,https://movie.douban.com/subject/1292337/,无人知晓,9.1
https://img9.doubanio.com/view/photo/s_ratio_poster/public/p2918554634.jpg,https://movie.douban.com/subject/1297447/,倩女幽魂,8.8
https://img9.doubanio.com/view/photo/s_ratio_poster/public/p2210954024.jpg,https://movie.douban.com/subject/2353023/,驯龙高手,8.8
https://img3.doubanio.com/view/photo/s_ratio_poster/public/p2918312477.jpg,https://movie.douban.com/subject/1291557/,花样年华,8.8
https://img1.doubanio.com/view/photo/s_ratio_poster/public/p2016401659.jpg,https://movie.douban.com/subject/1418200/,傲慢与偏见,8.7
https://img1.doubanio.com/view/photo/s_ratio_poster/public/p2190556408.jpg,https://movie.douban.com/subject/1300992/,完美的世界,9.1
https://img1.doubanio.com/view/photo/s_ratio_poster/public/p1903379979.jpg,https://movie.douban.com/subject/10437779/,新世界,8.9
https://img9.doubanio.com/view/photo/s_ratio_poster/public/p2564685215.jpg,https://movie.douban.com/subject/1291875/,阳光灿烂的日子,8.8
https://img3.doubanio.com/view/photo/s_ratio_poster/public/p2260999203.jpg,https://movie.douban.com/subject/25814705/,小森林 夏秋篇,9.0
https://img3.doubanio.com/view/photo/s_ratio_poster/public/p2406624993.jpg,https://movie.douban.com/subject/26628357/,一个叫欧维的男人决定去死,8.9
https://img3.doubanio.com/view/photo/s_ratio_poster/public/p2447590313.jpg,https://movie.douban.com/subject/1292215/,天使爱美丽,8.7
https://img1.doubanio.com/view/photo/s_ratio_poster/public/p1283675359.jpg,https://movie.douban.com/subject/1858711/,玩具总动员3,8.9
https://img1.doubanio.com/view/photo/s_ratio_poster/public/p2513247938.jpg,https://movie.douban.com/subject/1291579/,怪兽电力公司,8.8
https://img9.doubanio.com/view/photo/s_ratio_poster/public/p453716305.jpg,https://movie.douban.com/subject/1828115/,色，戒,8.7
https://img3.doubanio.com/view/photo/s_ratio_poster/public/p456692072.jpg,https://movie.douban.com/subject/1297052/,侧耳倾听,8.9
https://img2.doubanio.com/view/photo/s_ratio_poster/public/p2169664351.jpg,https://movie.douban.com/subject/1294240/,教父3,9.0
https://img1.doubanio.com/view/photo/s_ratio_poster/public/p2505525050.jpg,https://movie.douban.com/subject/26799731/,请以你的名字呼唤我,8.8
https://img9.doubanio.com/view/photo/s_ratio_poster/public/p2532803206.jpg,https://movie.douban.com/subject/1307315/,哪吒闹海,9.2
https://img3.doubanio.com/view/photo/s_ratio_poster/public/p2181698213.jpg,https://movie.douban.com/subject/1292274/,幸福终点站,8.8
https://img1.doubanio.com/view/photo/s_ratio_poster/public/p648370300.jpg,https://movie.douban.com/subject/1297518/,九品芝麻官,8.8
https://img3.doubanio.com/view/photo/s_ratio_poster/public/p1800813767.jpg,https://movie.douban.com/subject/6307447/,被解救的姜戈,8.8
https://img1.doubanio.com/view/photo/s_ratio_poster/public/p2360940399.jpg,https://movie.douban.com/subject/25986180/,釜山行,8.6
https://img3.doubanio.com/view/photo/s_ratio_poster/public/p2618201652.jpg,https://movie.douban.com/subject/25814707/,小森林 冬春篇,9.0
https://img1.doubanio.com/view/photo/s_ratio_poster/public/p792776858.jpg,https://movie.douban.com/subject/3287562/,神偷奶爸,8.7
https://img3.doubanio.com/view/photo/s_ratio_poster/public/p1675053073.jpg,https://movie.douban.com/subject/5989818/,萤火之森,8.8
https://img3.doubanio.com/view/photo/s_ratio_poster/public/p2249048907.jpg,https://movie.douban.com/subject/1303037/,喜宴,9.0
https://img9.doubanio.com/view/photo/s_ratio_poster/public/p689520756.jpg,https://movie.douban.com/subject/4268598/,告白,8.8
https://img9.doubanio.com/view/photo/s_ratio_poster/public/p2923412445.jpg,https://movie.douban.com/subject/3072124/,玛丽和麦克斯,9.0
https://img9.doubanio.com/view/photo/s_ratio_poster/public/p2215886505.jpg,https://movie.douban.com/subject/1295399/,七武士,9.3
https://img3.doubanio.com/view/photo/s_ratio_poster/public/p2516578307.jpg,https://movie.douban.com/subject/4920389/,头号玩家,8.6
https://img1.doubanio.com/view/photo/s_ratio_poster/public/p2922986728.jpg,https://movie.douban.com/subject/10463953/,模仿游戏,8.8
https://img9.doubanio.com/view/photo/s_ratio_poster/public/p692813374.jpg,https://movie.douban.com/subject/1291545/,大鱼,8.8
https://img9.doubanio.com/view/photo/s_ratio_poster/public/p1021883305.jpg,https://movie.douban.com/subject/1293181/,惊魂记,9.0
https://img3.doubanio.com/view/photo/s_ratio_poster/public/p2609063922.jpg,https://movie.douban.com/subject/1316510/,射雕英雄传之东成西就,8.7
https://img1.doubanio.com/view/photo/s_ratio_poster/public/p2398141939.jpg,https://movie.douban.com/subject/26325320/,血战钢锯岭,8.7
https://img2.doubanio.com/view/photo/s_ratio_poster/public/p2910701461.jpg,https://movie.douban.com/subject/26683290/,你的名字。,8.5
https://img9.doubanio.com/view/photo/s_ratio_poster/public/p652417775.jpg,https://movie.douban.com/subject/1306861/,我是山姆,9.0
https://img3.doubanio.com/view/photo/s_ratio_poster/public/p1374786017.jpg,https://movie.douban.com/subject/4917726/,阳光姐妹淘,8.8
https://img3.doubanio.com/view/photo/s_ratio_poster/public/p2505048077.jpg,https://movie.douban.com/subject/1307856/,背靠背，脸对脸,9.5
https://img1.doubanio.com/view/photo/s_ratio_poster/public/p2595591069.jpg,https://movie.douban.com/subject/24733428/,心灵奇旅,8.7
https://img9.doubanio.com/view/photo/s_ratio_poster/public/p2016930906.jpg,https://movie.douban.com/subject/21360417/,恐怖直播,8.7
https://img1.doubanio.com/view/photo/s_ratio_poster/public/p443461818.jpg,https://movie.douban.com/subject/1302467/,黑客帝国3：矩阵革命,8.8
https://img9.doubanio.com/view/photo/s_ratio_poster/public/p726839485.jpg,https://movie.douban.com/subject/1417598/,电锯惊魂,8.7
https://img9.doubanio.com/view/photo/s_ratio_poster/public/p2502943384.jpg,https://movie.douban.com/subject/26611804/,三块广告牌,8.7
https://img9.doubanio.com/view/photo/s_ratio_poster/public/p2567198874.jpg,https://movie.douban.com/subject/27119724/,小丑,8.7
https://img3.doubanio.com/view/photo/s_ratio_poster/public/p792223507.jpg,https://movie.douban.com/subject/1578507/,谍影重重3,8.9
https://img3.doubanio.com/view/photo/s_ratio_poster/public/p2166160837.jpg,https://movie.douban.com/subject/1793929/,达拉斯买家俱乐部,8.8
https://img3.doubanio.com/view/photo/s_ratio_poster/public/p1867084027.jpg,https://movie.douban.com/subject/1907966/,疯狂原始人,8.7
https://img1.doubanio.com/view/photo/s_ratio_poster/public/p958008320.jpg,https://movie.douban.com/subject/1307106/,无间道2,8.8
https://img9.doubanio.com/view/photo/s_ratio_poster/public/p1910924635.jpg,https://movie.douban.com/subject/1291992/,末路狂花,9.0
https://img2.doubanio.com/view/photo/s_ratio_poster/public/p767586451.jpg,https://movie.douban.com/subject/1300374/,绿里奇迹,8.9
https://img1.doubanio.com/view/photo/s_ratio_poster/public/p2074715729.jpg,https://movie.douban.com/subject/10808442/,爱在午夜降临前,8.9
https://img3.doubanio.com/view/photo/s_ratio_poster/public/p2603364117.jpg,https://movie.douban.com/subject/25895901/,海街日记,8.8
https://img1.doubanio.com/view/photo/s_ratio_poster/public/p2319879389.jpg,https://movie.douban.com/subject/1422283/,高山下的花环,9.5
https://img3.doubanio.com/view/photo/s_ratio_poster/public/p712241453.jpg,https://movie.douban.com/subject/1862151/,疯狂的石头,8.6
https://img3.doubanio.com/view/photo/s_ratio_poster/public/p1917567652.jpg,https://movie.douban.com/subject/1291585/,风之谷,8.9
https://img1.doubanio.com/view/photo/s_ratio_poster/public/p455677490.jpg,https://movie.douban.com/subject/1292208/,上帝之城,9.0
https://img9.doubanio.com/view/photo/s_ratio_poster/public/p1612355875.jpg,https://movie.douban.com/subject/1293460/,雨中曲,9.1
https://img9.doubanio.com/view/photo/s_ratio_poster/public/p2560717825.jpg,https://movie.douban.com/subject/1292226/,2001太空漫游,8.9
https://img3.doubanio.com/view/photo/s_ratio_poster/public/p2504997087.jpg,https://movie.douban.com/subject/1297574/,英雄本色,8.6
https://img1.doubanio.com/view/photo/s_ratio_poster/public/p2926020289.jpg,https://movie.douban.com/subject/25917973/,心迷宫,8.7
https://img3.doubanio.com/view/photo/s_ratio_poster/public/p641688453.jpg,https://movie.douban.com/subject/1304447/,记忆碎片,8.7
https://img1.doubanio.com/view/photo/s_ratio_poster/public/p2597918718.jpg,https://movie.douban.com/subject/1295409/,纵横四海,8.8
https://img9.doubanio.com/view/photo/s_ratio_poster/public/p2904305126.jpg,https://movie.douban.com/subject/35426925/,机器人之梦,9.1
https://img3.doubanio.com/view/photo/s_ratio_poster/public/p470419493.jpg,https://movie.douban.com/subject/1291822/,卢旺达饭店,8.9
https://img9.doubanio.com/view/photo/s_ratio_poster/public/p1735642656.jpg,https://movie.douban.com/subject/6534248/,无敌破坏王,8.7
https://img9.doubanio.com/view/photo/s_ratio_poster/public/p2530599636.jpg,https://movie.douban.com/subject/27622447/,小偷家族,8.7
https://img9.doubanio.com/view/photo/s_ratio_poster/public/p462470694.jpg,https://movie.douban.com/subject/3011051/,恐怖游轮,8.5
https://img1.doubanio.com/view/photo/s_ratio_poster/public/p1910895719.jpg,https://movie.douban.com/subject/1291578/,冰川时代,8.7
https://img9.doubanio.com/view/photo/s_ratio_poster/public/p848381236.jpg,https://movie.douban.com/subject/1292329/,牯岭街少年杀人事件,8.9
https://img1.doubanio.com/view/photo/s_ratio_poster/public/p456703618.jpg,https://movie.douban.com/subject/1310177/,东京教父,9.0
https://img3.doubanio.com/view/photo/s_ratio_poster/public/p456676352.jpg,https://movie.douban.com/subject/1307811/,魔女宅急便,8.7
https://img2.doubanio.com/view/photo/s_ratio_poster/public/p456666151.jpg,https://movie.douban.com/subject/3792799/,岁月神偷,8.7
https://img9.doubanio.com/view/photo/s_ratio_poster/public/p2603716224.jpg,https://movie.douban.com/subject/1959195/,忠犬八公物语,9.2
https://img1.doubanio.com/view/photo/s_ratio_poster/public/p2575337180.jpg,https://movie.douban.com/subject/1297880/,芙蓉镇,9.3
https://img3.doubanio.com/view/photo/s_ratio_poster/public/p2919686972.jpg,https://movie.douban.com/subject/24750126/,荒蛮故事,8.7
https://img3.doubanio.com/view/photo/s_ratio_poster/public/p2676812053.jpg,https://movie.douban.com/subject/1867345/,遗愿清单,8.7
https://img3.doubanio.com/view/photo/s_ratio_poster/public/p2505928032.jpg,https://movie.douban.com/subject/27059130/,大佛普拉斯,8.7
https://img9.doubanio.com/view/photo/s_ratio_poster/public/p988260245.jpg,https://movie.douban.com/subject/3075287/,源代码,8.6
https://img1.doubanio.com/view/photo/s_ratio_poster/public/p2434249040.jpg,https://movie.douban.com/subject/2209573/,贫民窟的百万富翁,8.6
https://img3.doubanio.com/view/photo/s_ratio_poster/public/p2236181653.jpg,https://movie.douban.com/subject/3592854/,疯狂的麦克斯4：狂暴之路,8.7
https://img3.doubanio.com/view/photo/s_ratio_poster/public/p709670262.jpg,https://movie.douban.com/subject/4848115/,你看起来好像很好吃,8.9
https://img9.doubanio.com/view/photo/s_ratio_poster/public/p2363208684.jpg,https://movie.douban.com/subject/1308857/,可可西里,8.9
https://img3.doubanio.com/view/photo/s_ratio_poster/public/p2868462052.jpg,https://movie.douban.com/subject/34874432/,花束般的恋爱,8.6
https://img3.doubanio.com/view/photo/s_ratio_poster/public/p1982176012.jpg,https://movie.douban.com/subject/1292328/,东邪西毒,8.6
https://img1.doubanio.com/view/photo/s_ratio_poster/public/p2170238828.jpg,https://movie.douban.com/subject/1293908/,城市之光,9.3
https://img3.doubanio.com/view/photo/s_ratio_poster/public/p2549558913.jpg,https://movie.douban.com/subject/5300054/,波西米亚狂想曲,8.6
https://img1.doubanio.com/view/photo/s_ratio_poster/public/p2915975989.jpg,https://movie.douban.com/subject/25773932/,爆裂鼓手,8.6
https://img3.doubanio.com/view/photo/s_ratio_poster/public/p2893896472.jpg,https://movie.douban.com/subject/2133323/,白日梦想家,8.6
https://img1.doubanio.com/view/photo/s_ratio_poster/public/p2923862788.jpg,https://movie.douban.com/subject/1303394/,青蛇,8.6
https://img3.doubanio.com/view/photo/s_ratio_poster/public/p2901105952.jpg,https://movie.douban.com/subject/25934014/,爱乐之城,8.4
https://img9.doubanio.com/view/photo/s_ratio_poster/public/p2913456984.jpg,https://movie.douban.com/subject/2051007/,哈利·波特与死亡圣器(上),8.6
https://img9.doubanio.com/view/photo/s_ratio_poster/public/p2549648344.jpg,https://movie.douban.com/subject/1978709/,黑天鹅,8.6
https://img9.doubanio.com/view/photo/s_ratio_poster/public/p1910909085.jpg,https://movie.douban.com/subject/1291844/,终结者2：审判日,8.8
https://img1.doubanio.com/view/photo/s_ratio_poster/public/p2575043939.jpg,https://movie.douban.com/subject/1438652/,无耻混蛋,8.7
https://img3.doubanio.com/view/photo/s_ratio_poster/public/p1254404823.jpg,https://movie.douban.com/subject/1293323/,大红灯笼高高挂,8.8
https://img3.doubanio.com/view/photo/s_ratio_poster/public/p1505312273.jpg,https://movie.douban.com/subject/4739952/,初恋这件小事,8.5
https://img1.doubanio.com/view/photo/s_ratio_poster/public/p1421018669.jpg,https://movie.douban.com/subject/1292287/,新龙门客栈,8.7
https://img3.doubanio.com/view/photo/s_ratio_poster/public/p792257137.jpg,https://movie.douban.com/subject/1302827/,人工智能,8.7
https://img3.doubanio.com/view/photo/s_ratio_poster/public/p2353324612.jpg,https://movie.douban.com/subject/1291870/,雨人,8.7
https://img1.doubanio.com/view/photo/s_ratio_poster/public/p2627847859.jpg,https://movie.douban.com/subject/1959877/,崖上的波妞,8.6
https://img3.doubanio.com/view/photo/s_ratio_poster/public/p2399597512.jpg,https://movie.douban.com/subject/1296909/,虎口脱险,8.9
https://img3.doubanio.com/view/photo/s_ratio_poster/public/p792423963.jpg,https://movie.douban.com/subject/1300117/,千钧一发,8.8
https://img1.doubanio.com/view/photo/s_ratio_poster/public/p475600770.jpg,https://movie.douban.com/subject/1292401/,真爱至上,8.5
https://img2.doubanio.com/view/photo/s_ratio_poster/public/p1598883511.jpg,https://movie.douban.com/subject/1291879/,罗生门,8.8
https://img9.doubanio.com/view/photo/s_ratio_poster/public/p483604864.jpg,https://movie.douban.com/subject/1309163/,恋恋笔记本,8.5
https://img9.doubanio.com/view/photo/s_ratio_poster/public/p2913456924.jpg,https://movie.douban.com/subject/1457217/,哈利·波特与凤凰社,8.6
https://img9.doubanio.com/view/photo/s_ratio_poster/public/p2187896734.jpg,https://movie.douban.com/subject/25807345/,彗星来的那一夜,8.6
https://img9.doubanio.com/view/photo/s_ratio_poster/public/p2421855655.jpg,https://movie.douban.com/subject/25980443/,海边的曼彻斯特,8.6
https://img3.doubanio.com/view/photo/s_ratio_poster/public/p2264592493.jpg,https://movie.douban.com/subject/25864085/,火星救援,8.5
https://img1.doubanio.com/view/photo/s_ratio_poster/public/p443461390.jpg,https://movie.douban.com/subject/1304141/,黑客帝国2：重装上阵,8.7
https://img1.doubanio.com/view/photo/s_ratio_poster/public/p2507709428.jpg,https://movie.douban.com/subject/26787574/,奇迹男孩,8.6
https://img9.doubanio.com/view/photo/s_ratio_poster/public/p2215102596.jpg,https://movie.douban.com/subject/1307394/,千年女优,8.8
https://img2.doubanio.com/view/photo/s_ratio_poster/public/p792282381.jpg,https://movie.douban.com/subject/1419936/,战争之王,8.7
https://img1.doubanio.com/view/photo/s_ratio_poster/public/p2237136718.jpg,https://movie.douban.com/subject/1293318/,萤火虫之墓,8.7
https://img1.doubanio.com/view/photo/s_ratio_poster/public/p2375245718.jpg,https://movie.douban.com/subject/2222996/,步履不停,8.8
https://img9.doubanio.com/view/photo/s_ratio_poster/public/p667644866.jpg,https://movie.douban.com/subject/1308767/,谍影重重2,8.7
https://img3.doubanio.com/view/photo/s_ratio_poster/public/p2921045013.jpg,https://movie.douban.com/subject/1291936/,攻壳机动队,9.0
https://img1.doubanio.com/view/photo/s_ratio_poster/public/p2535851348.jpg,https://movie.douban.com/subject/26374197/,蜘蛛侠：平行宇宙,8.6
https://img3.doubanio.com/view/photo/s_ratio_poster/public/p1370831587.jpg,https://movie.douban.com/subject/1428175/,血钻,8.7
https://img3.doubanio.com/view/photo/s_ratio_poster/public/p2151245053.jpg,https://movie.douban.com/subject/4202982/,冰雪奇缘,8.5
https://img1.doubanio.com/view/photo/s_ratio_poster/public/p2351134499.jpg,https://movie.douban.com/subject/1293964/,魂断蓝桥,8.8
https://img9.doubanio.com/view/photo/s_ratio_poster/public/p2259715855.jpg,https://movie.douban.com/subject/25724855/,房间,8.7
https://img1.doubanio.com/view/photo/s_ratio_poster/public/p2374067318.jpg,https://movie.douban.com/subject/26615208/,隐藏人物,8.9
https://img2.doubanio.com/view/photo/s_ratio_poster/public/p1597183981.jpg,https://movie.douban.com/subject/1304102/,谍影重重,8.6
